{"cameraMode":{"drawMode":0,"name":"Shaded","section":"Shading Mode"},"sceneLighting":false,"audioPlay":false,"sceneViewState":{"showFog":true,"showMaterialUpdate":false,"showSkybox":false,"showFlares":true,"showImageEffects":true,"showParticleSystems":true},"in2DMode":false,"pivot":{"x":2.4322147369384767,"y":-12.87544059753418,"z":-2.3324947357177736},"rotation":{"x":-0.0019278794061392546,"y":0.9970319271087647,"z":0.026617400348186494,"w":0.0722125694155693},"size":7.487658500671387,"orthographic":false}