{"cameraMode":{"drawMode":0,"name":"Shaded","section":"Shading Mode"},"sceneLighting":true,"audioPlay":false,"sceneViewState":{"showFog":true,"showMaterialUpdate":false,"showSkybox":true,"showFlares":true,"showImageEffects":true,"showParticleSystems":true},"in2DMode":false,"pivot":{"x":212.64898681640626,"y":346.36041259765627,"z":783.1968994140625},"rotation":{"x":-0.1378001719713211,"y":0.5154783725738525,"z":-0.084409698843956,"w":-0.8415272831916809},"size":735.8724365234375,"orthographic":false}