{"cameraMode":{"drawMode":0,"name":"Shaded","section":"Shading Mode"},"sceneLighting":true,"audioPlay":false,"sceneViewState":{"showFog":true,"showMaterialUpdate":false,"showSkybox":true,"showFlares":true,"showImageEffects":true,"showParticleSystems":true},"in2DMode":false,"pivot":{"x":394.5000305175781,"y":222.00001525878907,"z":0.0},"rotation":{"x":-0.03479911759495735,"y":0.014087999239563942,"z":-0.0004906434915028513,"w":-0.9992953538894653},"size":2203.654052734375,"orthographic":false}